{"cameraMode":{"drawMode":0,"name":"Shaded","section":"Shading Mode"},"sceneLighting":false,"audioPlay":false,"sceneViewState":{"showFog":false,"showMaterialUpdate":false,"showSkybox":false,"showFlares":false,"showImageEffects":false,"showParticleSystems":false},"in2DMode":false,"pivot":{"x":-25.970645904541017,"y":0.03034764528274536,"z":1.0636911392211915},"rotation":{"x":-0.26174452900886538,"y":-0.08182276040315628,"z":0.022276490926742555,"w":-0.9614045023918152},"size":1.1105730533599854,"orthographic":true}